{
 "NMI": 72.77337628355538,
 "ARI": 41.59295265651996,
 "ACC": 60.24096385542169,
 "Precision": 65.6078860898138,
 "Recall": 76.34173055859803,
 "F1": 70.568976241667,
 "Example Coverage": 86.52792990142387,
 "Reference K": 22.0,
 "K": 26.0,
 "# Intents": 42,
 "# Utterances": 3449,
 "# Utterances per Intent": 82.11904761904762
}