{
 "NMI": 54.82548253158834,
 "ARI": 27.142047057486394,
 "ACC": 44.030668127053666,
 "Precision": 50.492880613362544,
 "Recall": 62.32201533406353,
 "F1": 55.78727974563745,
 "Example Coverage": 83.35158817086528,
 "Reference K": 22.0,
 "K": 27.0,
 "# Intents": 41,
 "# Utterances": 3449,
 "# Utterances per Intent": 84.1219512195122
}