{
 "1:1 Alignment": {
  "0": "ChangeAddress",
  "11": "ReportAutomobileAccident",
  "14": "UpdatePaymentPreference",
  "17": "CancelAutomaticBilling",
  "2": "EnrollInPlan",
  "21": "CreateAccount",
  "23": "CancelPlan",
  "24": "AddDependent",
  "25": "RemoveDependent",
  "26": "ReportBillingIssue",
  "30": "RequestProofOfInsurance",
  "31": "FileClaim",
  "36": "ChangePlan",
  "38": "GetQuote",
  "39": "ResetPassword",
  "41": "FindAgent",
  "46": "PayBill",
  "47": "CheckPaymentStatus",
  "48": "ChangeSecurityQuestion",
  "7": "UpdateBillingFrequency",
  "8": "CheckAccountBalance",
  "9": "GetPolicyNumber"
 },
 "ACC": 46.002190580503836,
 "ARI": 28.6796790568755,
 "Classification 1:1": {
  "AddDependent F1": 0.0,
  "AddDependent P": 0.0,
  "AddDependent R": 0.0,
  "AddDependent Support": 33,
  "CancelAutomaticBilling F1": 0.6666666666666666,
  "CancelAutomaticBilling P": 0.6052631578947368,
  "CancelAutomaticBilling R": 0.7419354838709677,
  "CancelAutomaticBilling Support": 31,
  "CancelPlan F1": 0.5416666666666666,
  "CancelPlan P": 0.6842105263157895,
  "CancelPlan R": 0.4482758620689655,
  "CancelPlan Support": 29,
  "ChangeAddress F1": 0.9538461538461539,
  "ChangeAddress P": 0.9117647058823529,
  "ChangeAddress R": 1.0,
  "ChangeAddress Support": 31,
  "ChangePlan F1": 0.4054054054054054,
  "ChangePlan P": 0.3333333333333333,
  "ChangePlan R": 0.5172413793103449,
  "ChangePlan Support": 29,
  "ChangeSecurityQuestion F1": 0.2777777777777778,
  "ChangeSecurityQuestion P": 0.7142857142857143,
  "ChangeSecurityQuestion R": 0.1724137931034483,
  "ChangeSecurityQuestion Support": 29,
  "CheckAccountBalance F1": 0.6341463414634146,
  "CheckAccountBalance P": 0.49056603773584906,
  "CheckAccountBalance R": 0.896551724137931,
  "CheckAccountBalance Support": 29,
  "CheckPaymentStatus F1": 0.3793103448275862,
  "CheckPaymentStatus P": 0.4074074074074074,
  "CheckPaymentStatus R": 0.3548387096774194,
  "CheckPaymentStatus Support": 31,
  "CreateAccount F1": 0.05555555555555555,
  "CreateAccount P": 0.16666666666666666,
  "CreateAccount R": 0.03333333333333333,
  "CreateAccount Support": 30,
  "EnrollInPlan F1": 0.06349206349206349,
  "EnrollInPlan P": 0.06451612903225806,
  "EnrollInPlan R": 0.0625,
  "EnrollInPlan Support": 32,
  "FileClaim F1": 0.4028268551236749,
  "FileClaim P": 0.3584905660377358,
  "FileClaim R": 0.4596774193548387,
  "FileClaim Support": 124,
  "FindAgent F1": 0.6086956521739131,
  "FindAgent P": 0.4444444444444444,
  "FindAgent R": 0.9655172413793104,
  "FindAgent Support": 29,
  "GetPolicyNumber F1": 0.7599999999999999,
  "GetPolicyNumber P": 0.95,
  "GetPolicyNumber R": 0.6333333333333333,
  "GetPolicyNumber Support": 30,
  "GetQuote F1": 0.5704225352112676,
  "GetQuote P": 0.7864077669902912,
  "GetQuote R": 0.44751381215469616,
  "GetQuote Support": 181,
  "Micro Averaged F1": 0.4600219058050383,
  "Micro Averaged P": 0.4600219058050383,
  "Micro Averaged R": 0.4600219058050383,
  "Micro Averaged Support": 913,
  "N/A F1": 0.0,
  "N/A P": 0.0,
  "N/A R": 0.0,
  "N/A Support": 0,
  "PayBill F1": 0.3893805309734513,
  "PayBill P": 0.27848101265822783,
  "PayBill R": 0.6470588235294118,
  "PayBill Support": 34,
  "RemoveDependent F1": 0.5230769230769231,
  "RemoveDependent P": 0.5,
  "RemoveDependent R": 0.5483870967741935,
  "RemoveDependent Support": 31,
  "ReportAutomobileAccident F1": 0.6588235294117647,
  "ReportAutomobileAccident P": 0.49122807017543857,
  "ReportAutomobileAccident R": 1.0,
  "ReportAutomobileAccident Support": 28,
  "ReportBillingIssue F1": 0.0,
  "ReportBillingIssue P": 0.0,
  "ReportBillingIssue R": 0.0,
  "ReportBillingIssue Support": 32,
  "RequestProofOfInsurance F1": 0.027027027027027025,
  "RequestProofOfInsurance P": 0.023255813953488372,
  "RequestProofOfInsurance R": 0.03225806451612903,
  "RequestProofOfInsurance Support": 31,
  "ResetPassword F1": 0.7428571428571429,
  "ResetPassword P": 0.6341463414634146,
  "ResetPassword R": 0.896551724137931,
  "ResetPassword Support": 29,
  "UpdateBillingFrequency F1": 0.33333333333333326,
  "UpdateBillingFrequency P": 0.8571428571428571,
  "UpdateBillingFrequency R": 0.20689655172413793,
  "UpdateBillingFrequency Support": 29,
  "UpdatePaymentPreference F1": 0.39999999999999997,
  "UpdatePaymentPreference P": 0.8888888888888888,
  "UpdatePaymentPreference R": 0.25806451612903225,
  "UpdatePaymentPreference Support": 31
 },
 "Classification Many:1": {
  "AddDependent F1": 0.0,
  "AddDependent P": 0.0,
  "AddDependent R": 0.0,
  "AddDependent Support": 33,
  "CancelAutomaticBilling F1": 0.6944444444444445,
  "CancelAutomaticBilling P": 0.6097560975609756,
  "CancelAutomaticBilling R": 0.8064516129032258,
  "CancelAutomaticBilling Support": 31,
  "CancelPlan F1": 0.5416666666666666,
  "CancelPlan P": 0.6842105263157895,
  "CancelPlan R": 0.4482758620689655,
  "CancelPlan Support": 29,
  "ChangeAddress F1": 0.9538461538461539,
  "ChangeAddress P": 0.9117647058823529,
  "ChangeAddress R": 1.0,
  "ChangeAddress Support": 31,
  "ChangePlan F1": 0.4054054054054054,
  "ChangePlan P": 0.3333333333333333,
  "ChangePlan R": 0.5172413793103449,
  "ChangePlan Support": 29,
  "ChangeSecurityQuestion F1": 0.2777777777777778,
  "ChangeSecurityQuestion P": 0.7142857142857143,
  "ChangeSecurityQuestion R": 0.1724137931034483,
  "ChangeSecurityQuestion Support": 29,
  "CheckAccountBalance F1": 0.6341463414634146,
  "CheckAccountBalance P": 0.49056603773584906,
  "CheckAccountBalance R": 0.896551724137931,
  "CheckAccountBalance Support": 29,
  "CheckPaymentStatus F1": 0.4848484848484849,
  "CheckPaymentStatus P": 0.45714285714285713,
  "CheckPaymentStatus R": 0.5161290322580645,
  "CheckPaymentStatus Support": 31,
  "CreateAccount F1": 0.0,
  "CreateAccount P": 0.0,
  "CreateAccount R": 0.0,
  "CreateAccount Support": 30,
  "EnrollInPlan F1": 0.0,
  "EnrollInPlan P": 0.0,
  "EnrollInPlan R": 0.0,
  "EnrollInPlan Support": 32,
  "FileClaim F1": 0.4028268551236749,
  "FileClaim P": 0.3584905660377358,
  "FileClaim R": 0.4596774193548387,
  "FileClaim Support": 124,
  "FindAgent F1": 0.6086956521739131,
  "FindAgent P": 0.4444444444444444,
  "FindAgent R": 0.9655172413793104,
  "FindAgent Support": 29,
  "GetPolicyNumber F1": 0.7924528301886793,
  "GetPolicyNumber P": 0.9130434782608695,
  "GetPolicyNumber R": 0.7,
  "GetPolicyNumber Support": 30,
  "GetQuote F1": 0.7619047619047619,
  "GetQuote P": 0.7309644670050761,
  "GetQuote R": 0.7955801104972375,
  "GetQuote Support": 181,
  "Micro Averaged F1": 0.5399780941949617,
  "Micro Averaged P": 0.5399780941949617,
  "Micro Averaged R": 0.5399780941949617,
  "Micro Averaged Support": 913,
  "PayBill F1": 0.3893805309734513,
  "PayBill P": 0.27848101265822783,
  "PayBill R": 0.6470588235294118,
  "PayBill Support": 34,
  "RemoveDependent F1": 0.537313432835821,
  "RemoveDependent P": 0.5,
  "RemoveDependent R": 0.5806451612903226,
  "RemoveDependent Support": 31,
  "ReportAutomobileAccident F1": 0.6588235294117647,
  "ReportAutomobileAccident P": 0.49122807017543857,
  "ReportAutomobileAccident R": 1.0,
  "ReportAutomobileAccident Support": 28,
  "ReportBillingIssue F1": 0.0,
  "ReportBillingIssue P": 0.0,
  "ReportBillingIssue R": 0.0,
  "ReportBillingIssue Support": 32,
  "RequestProofOfInsurance F1": 0.0,
  "RequestProofOfInsurance P": 0.0,
  "RequestProofOfInsurance R": 0.0,
  "RequestProofOfInsurance Support": 31,
  "ResetPassword F1": 0.7368421052631579,
  "ResetPassword P": 0.5957446808510638,
  "ResetPassword R": 0.9655172413793104,
  "ResetPassword Support": 29,
  "UpdateBillingFrequency F1": 0.42105263157894735,
  "UpdateBillingFrequency P": 0.8888888888888888,
  "UpdateBillingFrequency R": 0.27586206896551724,
  "UpdateBillingFrequency Support": 29,
  "UpdatePaymentPreference F1": 0.39999999999999997,
  "UpdatePaymentPreference P": 0.8888888888888888,
  "UpdatePaymentPreference R": 0.25806451612903225,
  "UpdatePaymentPreference Support": 31
 },
 "Cluster:Ref Many:1 Alignment": {
  "0": "ChangeAddress",