{
 "NMI": 68.64079425611563,
 "ARI": 36.21348885388686,
 "ACC": 50.602409638554214,
 "Precision": 60.788608981380065,
 "Recall": 69.44140197152245,
 "F1": 64.82754935945326,
 "Example Coverage": 93.42825848849945,
 "Reference K": 22.0,
 "K": 33.0,
 "# Intents": 50,
 "# Utterances": 3449,
 "# Utterances per Intent": 68.98
}