{
 "1:1 Alignment": {
  "0": "ChangeAddress",
  "11": "ReportAutomobileAccident",
  "12": "AddDependent",
  "14": "UpdatePaymentPreference",
  "17": "CancelAutomaticBilling",
  "2": "EnrollInPlan",
  "21": "CreateAccount",
  "23": "CancelPlan",
  "25": "RemoveDependent",
  "27": "PayBill",
  "31": "FileClaim",
  "36": "ChangePlan",
  "38": "GetQuote",
  "39": "ResetPassword",
  "41": "FindAgent",
  "45": "RequestProofOfInsurance",
  "46": "ReportBillingIssue",
  "47": "CheckPaymentStatus",
  "48": "ChangeSecurityQuestion",
  "7": "UpdateBillingFrequency",
  "8": "CheckAccountBalance",
  "9": "GetPolicyNumber"
 },
 "ACC": 46.98795180722892,
 "ARI": 29.123674121191414,
 "Classification 1:1": {
  "AddDependent F1": 0.0,
  "AddDependent P": 0.0,
  "AddDependent R": 0.0,
  "AddDependent Support": 33,
  "CancelAutomaticBilling F1": 0.6756756756756758,
  "CancelAutomaticBilling P": 0.5813953488372093,
  "CancelAutomaticBilling R": 0.8064516129032258,
  "CancelAutomaticBilling Support": 31,
  "CancelPlan F1": 0.5531914893617021,
  "CancelPlan P": 0.7222222222222222,
  "CancelPlan R": 0.4482758620689655,
  "CancelPlan Support": 29,
  "ChangeAddress F1": 0.9393939393939393,
  "ChangeAddress P": 0.8857142857142857,
  "ChangeAddress R": 1.0,
  "ChangeAddress Support": 31,
  "ChangePlan F1": 0.43589743589743585,
  "ChangePlan P": 0.3469387755102041,
  "ChangePlan R": 0.5862068965517241,
  "ChangePlan Support": 29,
  "ChangeSecurityQuestion F1": 0.2162162162162162,
  "ChangeSecurityQuestion P": 0.5,
  "ChangeSecurityQuestion R": 0.13793103448275862,
  "ChangeSecurityQuestion Support": 29,
  "CheckAccountBalance F1": 0.611764705882353,
  "CheckAccountBalance P": 0.4642857142857143,
  "CheckAccountBalance R": 0.896551724137931,
  "CheckAccountBalance Support": 29,
  "CheckPaymentStatus F1": 0.3404255319148936,
  "CheckPaymentStatus P": 0.5,
  "CheckPaymentStatus R": 0.25806451612903225,
  "CheckPaymentStatus Support": 31,
  "CreateAccount F1": 0.05555555555555555,
  "CreateAccount P": 0.16666666666666666,
  "CreateAccount R": 0.03333333333333333,
  "CreateAccount Support": 30,
  "EnrollInPlan F1": 0.06451612903225808,
  "EnrollInPlan P": 0.06666666666666667,
  "EnrollInPlan R": 0.0625,
  "EnrollInPlan Support": 32,
  "FileClaim F1": 0.472972972972973,
  "FileClaim P": 0.4069767441860465,
  "FileClaim R": 0.5645161290322581,
  "FileClaim Support": 124,
  "FindAgent F1": 0.6222222222222222,
  "FindAgent P": 0.45901639344262296,
  "FindAgent R": 0.9655172413793104,
  "FindAgent Support": 29,
  "GetPolicyNumber F1": 0.7599999999999999,
  "GetPolicyNumber P": 0.95,
  "GetPolicyNumber R": 0.6333333333333333,
  "GetPolicyNumber Support": 30,
  "GetQuote F1": 0.5422535211267606,
  "GetQuote P": 0.7475728155339806,
  "GetQuote R": 0.425414364640884,
  "GetQuote Support": 181,
  "Micro Averaged F1": 0.46987951807228917,
  "Micro Averaged P": 0.46987951807228917,
  "Micro Averaged R": 0.46987951807228917,
  "Micro Averaged Support": 913,
  "N/A F1": 0.0,
  "N/A P": 0.0,
  "N/A R": 0.0,
  "N/A Support": 0,
  "PayBill F1": 0.1818181818181818,
  "PayBill P": 0.4,
  "PayBill R": 0.11764705882352941,
  "PayBill Support": 34,
  "RemoveDependent F1": 0.5423728813559322,
  "RemoveDependent P": 0.5714285714285714,
  "RemoveDependent R": 0.5161290322580645,
  "RemoveDependent Support": 31,
  "ReportAutomobileAccident F1": 0.8,
  "ReportAutomobileAccident P": 0.6666666666666666,
  "ReportAutomobileAccident R": 1.0,
  "ReportAutomobileAccident Support": 28,
  "ReportBillingIssue F1": 0.3650793650793651,
  "ReportBillingIssue P": 0.24468085106382978,
  "ReportBillingIssue R": 0.71875,
  "ReportBillingIssue Support": 32,
  "RequestProofOfInsurance F1": 0.09523809523809523,
  "RequestProofOfInsurance P": 0.18181818181818182,
  "RequestProofOfInsurance R": 0.06451612903225806,
  "RequestProofOfInsurance Support": 31,
  "ResetPassword F1": 0.7123287671232877,
  "ResetPassword P": 0.5909090909090909,
  "ResetPassword R": 0.896551724137931,
  "ResetPassword Support": 29,
  "UpdateBillingFrequency F1": 0.12903225806451613,
  "UpdateBillingFrequency P": 1.0,
  "UpdateBillingFrequency R": 0.06896551724137931,
  "UpdateBillingFrequency Support": 29,
  "UpdatePaymentPreference F1": 0.35000000000000003,
  "UpdatePaymentPreference P": 0.7777777777777778,
  "UpdatePaymentPreference R": 0.22580645161290322,
  "UpdatePaymentPreference Support": 31
 },
 "Classification Many:1": {
  "AddDependent F1": 0.0,
  "AddDependent P": 0.0,
  "AddDependent R": 0.0,
  "AddDependent Support": 33,
  "CancelAutomaticBilling F1": 0.6756756756756758,
  "CancelAutomaticBilling P": 0.5813953488372093,
  "CancelAutomaticBilling R": 0.8064516129032258,
  "CancelAutomaticBilling Support": 31,
  "CancelPlan F1": 0.5531914893617021,
  "CancelPlan P": 0.7222222222222222,
  "CancelPlan R": 0.4482758620689655,
  "CancelPlan Support": 29,
  "ChangeAddress F1": 0.9393939393939393,
  "ChangeAddress P": 0.8857142857142857,
  "ChangeAddress R": 1.0,
  "ChangeAddress Support": 31,
  "ChangePlan F1": 0.45569620253164556,
  "ChangePlan P": 0.36,
  "ChangePlan R": 0.6206896551724138,
  "ChangePlan Support": 29,
  "ChangeSecurityQuestion F1": 0.26315789473684215,
  "ChangeSecurityQuestion P": 0.5555555555555556,
  "ChangeSecurityQuestion R": 0.1724137931034483,
  "ChangeSecurityQuestion Support": 29,
  "CheckAccountBalance F1": 0.6516853932584269,
  "CheckAccountBalance P": 0.48333333333333334,
  "CheckAccountBalance R": 1.0,
  "CheckAccountBalance Support": 29,
  "CheckPaymentStatus F1": 0.3404255319148936,
  "CheckPaymentStatus P": 0.5,
  "CheckPaymentStatus R": 0.25806451612903225,
  "CheckPaymentStatus Support": 31,
  "CreateAccount F1": 0.0,
  "CreateAccount P": 0.0,
  "CreateAccount R": 0.0,
  "CreateAccount Support": 30,
  "EnrollInPlan F1": 0.0,
  "EnrollInPlan P": 0.0,
  "EnrollInPlan R": 0.0,
  "EnrollInPlan Support": 32,
  "FileClaim F1": 0.472972972972973,
  "FileClaim P": 0.4069767441860465,
  "FileClaim R": 0.5645161290322581,
  "FileClaim Support": 124,
  "FindAgent F1": 0.6222222222222222,
  "FindAgent P": 0.45901639344262296,
  "FindAgent R": 0.9655172413793104,
  "FindAgent Support": 29,
  "GetPolicyNumber F1": 0.8076923076923077,
  "GetPolicyNumber P": 0.9545454545454546,
  "GetPolicyNumber R": 0.7,
  "GetPolicyNumber Support": 30,
  "GetQuote F1": 0.7385444743935311,
  "GetQuote P": 0.7210526315789474,
  "GetQuote R": 0.7569060773480663,
  "GetQuote Support": 181,
  "Micro Averaged F1": 0.5421686746987951,
  "Micro Averaged P": 0.5421686746987951,
  "Micro Averaged R": 0.5421686746987951,
  "Micro Averaged Support": 913,
  "PayBill F1": 0.1818181818181818,
  "PayBill P": 0.4,
  "PayBill R": 0.11764705882352941,
  "PayBill Support": 34,
  "RemoveDependent F1": 0.5423728813559322,
  "RemoveDependent P": 0.5714285714285714,
  "RemoveDependent R": 0.5161290322580645,
  "RemoveDependent Support": 31,
  "ReportAutomobileAccident F1": 0.8,
  "ReportAutomobileAccident P": 0.6666666666666666,
  "ReportAutomobileAccident R": 1.0,
  "ReportAutomobileAccident Support": 28,
  "ReportBillingIssue F1": 0.3650793650793651,
  "ReportBillingIssue P": 0.24468085106382978,
  "ReportBillingIssue R": 0.71875,
  "ReportBillingIssue Support": 32,
  "RequestProofOfInsurance F1": 0.0,
  "RequestProofOfInsurance P": 0.0,
  "RequestProofOfInsurance R": 0.0,
  "RequestProofOfInsurance Support": 31,
  "ResetPassword F1": 0.7088607594936709,
  "ResetPassword P": 0.56,
  "ResetPassword R": 0.9655172413793104,
  "ResetPassword Support": 29,
  "UpdateBillingFrequency F1": 0.2424242424242424,
  "UpdateBillingFrequency P": 1.0,
  "UpdateBillingFrequency R": 0.13793103448275862,
  "UpdateBillingFrequency Support": 29,
  "UpdatePaymentPreference F1": 0.35000000000000003,
  "UpdatePaymentPreference P": 0.7777777777777778,
  "UpdatePaymentPreference R": 0.22580645161290322,
  "UpdatePaymentPreference Support": 31
 },
 "Cluster:Ref Many:1 Alignment": {
  "0": "ChangeAddress",
  "11": "ReportAutomobileAccident",
  "12": "UpdateBillingFrequency",