{
 "NMI": 59.18928587994653,
 "ARI": 28.6796790568755,
 "ACC": 46.002190580503836,
 "Precision": 53.997809419496164,
 "Recall": 57.61226725082147,
 "F1": 55.746511785387604,
 "Example Coverage": 82.69441401971523,
 "Reference K": 22.0,
 "K": 29.0,
 "# Intents": 49,
 "# Utterances": 3449,
 "# Utterances per Intent": 70.38775510204081
}