{
 "1:1 Alignment": {
  "0": "GetPolicyNumber",
  "12": "RemoveDependent",
  "13": "UpdateBillingFrequency",
  "16": "CheckAccountBalance",
  "17": "UpdatePaymentPreference",
  "21": "ResetPassword",
  "22": "ChangePlan",
  "26": "AddDependent",
  "28": "ChangeAddress",
  "3": "RequestProofOfInsurance",
  "34": "ReportAutomobileAccident",
  "36": "CancelAutomaticBilling",
  "37": "ChangeSecurityQuestion",
  "38": "EnrollInPlan",
  "40": "FindAgent",
  "41": "FileClaim",
  "42": "CreateAccount",
  "44": "CancelPlan",
  "46": "PayBill",
  "6": "ReportBillingIssue",
  "8": "CheckPaymentStatus",
  "9": "GetQuote"
 },
 "ACC": 53.231106243154436,
 "ARI": 44.76157020857937,
 "Classification 1:1": {
  "AddDependent F1": 0.5542168674698795,
  "AddDependent P": 0.46,
  "AddDependent R": 0.696969696969697,
  "AddDependent Support": 33,
  "CancelAutomaticBilling F1": 0.20408163265306123,
  "CancelAutomaticBilling P": 0.2777777777777778,
  "CancelAutomaticBilling R": 0.16129032258064516,
  "CancelAutomaticBilling Support": 31,
  "CancelPlan F1": 0.6415094339622641,
  "CancelPlan P": 0.7083333333333334,
  "CancelPlan R": 0.5862068965517241,
  "CancelPlan Support": 29,
  "ChangeAddress F1": 0.923076923076923,
  "ChangeAddress P": 0.8823529411764706,
  "ChangeAddress R": 0.967741935483871,
  "ChangeAddress Support": 31,
  "ChangePlan F1": 0.46153846153846156,
  "ChangePlan P": 0.4166666666666667,
  "ChangePlan R": 0.5172413793103449,
  "ChangePlan Support": 29,
  "ChangeSecurityQuestion F1": 0.2777777777777778,
  "ChangeSecurityQuestion P": 0.7142857142857143,
  "ChangeSecurityQuestion R": 0.1724137931034483,
  "ChangeSecurityQuestion Support": 29,
  "CheckAccountBalance F1": 0.5252525252525253,
  "CheckAccountBalance P": 0.37142857142857144,
  "CheckAccountBalance R": 0.896551724137931,
  "CheckAccountBalance Support": 29,
  "CheckPaymentStatus F1": 0.2631578947368421,
  "CheckPaymentStatus P": 0.7142857142857143,
  "CheckPaymentStatus R": 0.16129032258064516,
  "CheckPaymentStatus Support": 31,
  "CreateAccount F1": 0.04761904761904761,
  "CreateAccount P": 0.08333333333333333,
  "CreateAccount R": 0.03333333333333333,
  "CreateAccount Support": 30,
  "EnrollInPlan F1": 0.28571428571428575,
  "EnrollInPlan P": 0.2054794520547945,
  "EnrollInPlan R": 0.46875,
  "EnrollInPlan Support": 32,
  "FileClaim F1": 0.8095238095238094,
  "FileClaim P": 0.796875,
  "FileClaim R": 0.8225806451612904,
  "FileClaim Support": 124,
  "FindAgent F1": 0.7733333333333333,
  "FindAgent P": 0.6304347826086957,
  "FindAgent R": 1.0,
  "FindAgent Support": 29,
  "GetPolicyNumber F1": 0.7037037037037038,
  "GetPolicyNumber P": 0.7916666666666666,
  "GetPolicyNumber R": 0.6333333333333333,
  "GetPolicyNumber Support": 30,
  "GetQuote F1": 0.6245353159851301,
  "GetQuote P": 0.9545454545454546,
  "GetQuote R": 0.46408839779005523,
  "GetQuote Support": 181,
  "Micro Averaged F1": 0.5323110624315444,
  "Micro Averaged P": 0.5323110624315444,
  "Micro Averaged R": 0.5323110624315444,
  "Micro Averaged Support": 913,
  "N/A F1": 0.0,
  "N/A P": 0.0,
  "N/A R": 0.0,
  "N/A Support": 0,
  "PayBill F1": 0.625,
  "PayBill P": 0.4838709677419355,
  "PayBill R": 0.8823529411764706,
  "PayBill Support": 34,
  "RemoveDependent F1": 0.0588235294117647,
  "RemoveDependent P": 0.3333333333333333,
  "RemoveDependent R": 0.03225806451612903,
  "RemoveDependent Support": 31,
  "ReportAutomobileAccident F1": 0.8666666666666666,
  "ReportAutomobileAccident P": 0.8125,
  "ReportAutomobileAccident R": 0.9285714285714286,
  "ReportAutomobileAccident Support": 28,
  "ReportBillingIssue F1": 0.3111111111111111,
  "ReportBillingIssue P": 0.5384615384615384,
  "ReportBillingIssue R": 0.21875,
  "ReportBillingIssue Support": 32,
  "RequestProofOfInsurance F1": 0.03389830508474576,
  "RequestProofOfInsurance P": 0.03571428571428571,
  "RequestProofOfInsurance R": 0.03225806451612903,
  "RequestProofOfInsurance Support": 31,
  "ResetPassword F1": 0.6181818181818182,
  "ResetPassword P": 0.6538461538461539,
  "ResetPassword R": 0.5862068965517241,
  "ResetPassword Support": 29,
  "UpdateBillingFrequency F1": 0.495575221238938,
  "UpdateBillingFrequency P": 0.3333333333333333,
  "UpdateBillingFrequency R": 0.9655172413793104,
  "UpdateBillingFrequency Support": 29,
  "UpdatePaymentPreference F1": 0.0,
  "UpdatePaymentPreference P": 0.0,
  "UpdatePaymentPreference R": 0.0,
  "UpdatePaymentPreference Support": 31
 },
 "Classification Many:1": {
  "AddDependent F1": 0.5542168674698795,
  "AddDependent P": 0.46,
  "AddDependent R": 0.696969696969697,
  "AddDependent Support": 33,
  "CancelAutomaticBilling F1": 0.0,
  "CancelAutomaticBilling P": 0.0,
  "CancelAutomaticBilling R": 0.0,
  "CancelAutomaticBilling Support": 31,
  "CancelPlan F1": 0.8169014084507042,
  "CancelPlan P": 0.6904761904761905,
  "CancelPlan R": 1.0,
  "CancelPlan Support": 29,
  "ChangeAddress F1": 0.923076923076923,
  "ChangeAddress P": 0.8823529411764706,
  "ChangeAddress R": 0.967741935483871,
  "ChangeAddress Support": 31,
  "ChangePlan F1": 0.46153846153846156,
  "ChangePlan P": 0.4166666666666667,
  "ChangePlan R": 0.5172413793103449,
  "ChangePlan Support": 29,
  "ChangeSecurityQuestion F1": 0.2777777777777778,
  "ChangeSecurityQuestion P": 0.7142857142857143,
  "ChangeSecurityQuestion R": 0.1724137931034483,
  "ChangeSecurityQuestion Support": 29,
  "CheckAccountBalance F1": 0.5544554455445544,
  "CheckAccountBalance P": 0.3888888888888889,
  "CheckAccountBalance R": 0.9655172413793104,
  "CheckAccountBalance Support": 29,
  "CheckPaymentStatus F1": 0.2631578947368421,
  "CheckPaymentStatus P": 0.7142857142857143,
  "CheckPaymentStatus R": 0.16129032258064516,
  "CheckPaymentStatus Support": 31,
  "CreateAccount F1": 0.0,
  "CreateAccount P": 0.0,
  "CreateAccount R": 0.0,
  "CreateAccount Support": 30,
  "EnrollInPlan F1": 0.0,
  "EnrollInPlan P": 0.0,
  "EnrollInPlan R": 0.0,
  "EnrollInPlan Support": 32,
  "FileClaim F1": 0.8095238095238094,
  "FileClaim P": 0.796875,
  "FileClaim R": 0.8225806451612904,
  "FileClaim Support": 124,
  "FindAgent F1": 0.7733333333333333,
  "FindAgent P": 0.6304347826086957,
  "FindAgent R": 1.0,
  "FindAgent Support": 29,
  "GetPolicyNumber F1": 0.7333333333333333,
  "GetPolicyNumber P": 0.7333333333333333,
  "GetPolicyNumber R": 0.7333333333333333,
  "GetPolicyNumber Support": 30,
  "GetQuote F1": 0.8137254901960784,
  "GetQuote P": 0.7312775330396476,
  "GetQuote R": 0.9171270718232044,
  "GetQuote Support": 181,
  "Micro Averaged F1": 0.6308871851040526,
  "Micro Averaged P": 0.6308871851040526,
  "Micro Averaged R": 0.6308871851040526,
  "Micro Averaged Support": 913,
  "PayBill F1": 0.6391752577319587,
  "PayBill P": 0.49206349206349204,
  "PayBill R": 0.9117647058823529,
  "PayBill Support": 34,
  "RemoveDependent F1": 0.0,
  "RemoveDependent P": 0.0,
  "RemoveDependent R": 0.0,
  "RemoveDependent Support": 31,
  "ReportAutomobileAccident F1": 0.8666666666666666,
  "ReportAutomobileAccident P": 0.8125,
  "ReportAutomobileAccident R": 0.9285714285714286,
  "ReportAutomobileAccident Support": 28,
  "ReportBillingIssue F1": 0.375,
  "ReportBillingIssue P": 0.5625,
  "ReportBillingIssue R": 0.28125,
  "ReportBillingIssue Support": 32,
  "RequestProofOfInsurance F1": 0.0,
  "RequestProofOfInsurance P": 0.0,
  "RequestProofOfInsurance R": 0.0,
  "RequestProofOfInsurance Support": 31,
  "ResetPassword F1": 0.8059701492537312,
  "ResetPassword P": 0.7105263157894737,
  "ResetPassword R": 0.9310344827586207,
  "ResetPassword Support": 29,
  "UpdateBillingFrequency F1": 0.5087719298245613,
  "UpdateBillingFrequency P": 0.3411764705882353,
  "UpdateBillingFrequency R": 1.0,
  "UpdateBillingFrequency Support": 29,
  "UpdatePaymentPreference F1": 0.0,
  "UpdatePaymentPreference P": 0.0,
  "UpdatePaymentPreference R": 0.0,
  "UpdatePaymentPreference Support": 31
 },
 "Cluster:Ref Many:1 Alignment": {
  "0": "GetPolicyNumber",
  "12": "ReportBillingIssue",
  "13": "UpdateBillingFrequency",