{
 "NMI": 59.354207553317885,
 "ARI": 29.123674121191414,
 "ACC": 46.98795180722892,
 "Precision": 54.21686746987952,
 "Recall": 60.460021905805036,
 "F1": 57.16850208858356,
 "Example Coverage": 86.19934282584884,
 "Reference K": 22.0,
 "K": 30.0,
 "# Intents": 49,
 "# Utterances": 3449,
 "# Utterances per Intent": 70.38775510204081
}