{
 "1:1 Alignment": {
  "1": "FindAgent",
  "10": "RemoveDependent",
  "12": "GetQuote",
  "17": "CancelPlan",
  "2": "ReportAutomobileAccident",
  "20": "CheckAccountBalance",
  "22": "RequestProofOfInsurance",
  "25": "AddDependent",
  "26": "ResetPassword",
  "27": "UpdateBillingFrequency",
  "28": "PayBill",
  "30": "ReportBillingIssue",
  "33": "ChangeAddress",
  "34": "UpdatePaymentPreference",
  "35": "ChangePlan",
  "36": "EnrollInPlan",
  "37": "ChangeSecurityQuestion",
  "38": "CreateAccount",
  "4": "FileClaim",
  "5": "CancelAutomaticBilling",
  "6": "CheckPaymentStatus",
  "9": "GetPolicyNumber"
 },
 "ACC": 60.24096385542169,
 "ARI": 41.59295265651996,
 "Classification 1:1": {
  "AddDependent F1": 0.617283950617284,
  "AddDependent P": 0.5208333333333334,
  "AddDependent R": 0.7575757575757576,
  "AddDependent Support": 33,
  "CancelAutomaticBilling F1": 0.8571428571428571,
  "CancelAutomaticBilling P": 0.84375,
  "CancelAutomaticBilling R": 0.8709677419354839,
  "CancelAutomaticBilling Support": 31,
  "CancelPlan F1": 0.7741935483870968,
  "CancelPlan P": 0.7272727272727273,
  "CancelPlan R": 0.8275862068965517,
  "CancelPlan Support": 29,
  "ChangeAddress F1": 1.0,
  "ChangeAddress P": 1.0,
  "ChangeAddress R": 1.0,
  "ChangeAddress Support": 31,
  "ChangePlan F1": 0.5428571428571429,
  "ChangePlan P": 0.4634146341463415,
  "ChangePlan R": 0.6551724137931034,
  "ChangePlan Support": 29,
  "ChangeSecurityQuestion F1": 1.0,
  "ChangeSecurityQuestion P": 1.0,
  "ChangeSecurityQuestion R": 1.0,
  "ChangeSecurityQuestion Support": 29,
  "CheckAccountBalance F1": 0.4833333333333333,
  "CheckAccountBalance P": 0.31868131868131866,
  "CheckAccountBalance R": 1.0,
  "CheckAccountBalance Support": 29,
  "CheckPaymentStatus F1": 0.0625,
  "CheckPaymentStatus P": 1.0,
  "CheckPaymentStatus R": 0.03225806451612903,
  "CheckPaymentStatus Support": 31,
  "CreateAccount F1": 0.9473684210526316,
  "CreateAccount P": 1.0,
  "CreateAccount R": 0.9,
  "CreateAccount Support": 30,
  "EnrollInPlan F1": 0.26666666666666666,
  "EnrollInPlan P": 0.2857142857142857,
  "EnrollInPlan R": 0.25,
  "EnrollInPlan Support": 32,
  "FileClaim F1": 0.5939393939393939,
  "FileClaim P": 0.47572815533980584,
  "FileClaim R": 0.7903225806451613,
  "FileClaim Support": 124,
  "FindAgent F1": 0.4736842105263158,
  "FindAgent P": 1.0,
  "FindAgent R": 0.3103448275862069,
  "FindAgent Support": 29,
  "GetPolicyNumber F1": 0.9032258064516129,
  "GetPolicyNumber P": 0.875,
  "GetPolicyNumber R": 0.9333333333333333,
  "GetPolicyNumber Support": 30,
  "GetQuote F1": 0.6232876712328768,
  "GetQuote P": 0.8198198198198198,
  "GetQuote R": 0.5027624309392266,
  "GetQuote Support": 181,
  "Micro Averaged F1": 0.6024096385542169,
  "Micro Averaged P": 0.6024096385542169,
  "Micro Averaged R": 0.6024096385542169,
  "Micro Averaged Support": 913,
  "N/A F1": 0.0,
  "N/A P": 0.0,
  "N/A R": 0.0,
  "N/A Support": 0,
  "PayBill F1": 0.6885245901639345,
  "PayBill P": 0.7777777777777778,
  "PayBill R": 0.6176470588235294,
  "PayBill Support": 34,
  "RemoveDependent F1": 0.0,
  "RemoveDependent P": 0.0,
  "RemoveDependent R": 0.0,
  "RemoveDependent Support": 31,
  "ReportAutomobileAccident F1": 0.7419354838709677,
  "ReportAutomobileAccident P": 0.6764705882352942,
  "ReportAutomobileAccident R": 0.8214285714285714,
  "ReportAutomobileAccident Support": 28,
  "ReportBillingIssue F1": 0.06060606060606061,
  "ReportBillingIssue P": 1.0,
  "ReportBillingIssue R": 0.03125,
  "ReportBillingIssue Support": 32,
  "RequestProofOfInsurance F1": 0.0,
  "RequestProofOfInsurance P": 0.0,
  "RequestProofOfInsurance R": 0.0,
  "RequestProofOfInsurance Support": 31,
  "ResetPassword F1": 0.9655172413793104,
  "ResetPassword P": 0.9655172413793104,
  "ResetPassword R": 0.9655172413793104,
  "ResetPassword Support": 29,
  "UpdateBillingFrequency F1": 0.0,
  "UpdateBillingFrequency P": 0.0,
  "UpdateBillingFrequency R": 0.0,
  "UpdateBillingFrequency Support": 29,
  "UpdatePaymentPreference F1": 0.688888888888889,
  "UpdatePaymentPreference P": 0.5254237288135594,
  "UpdatePaymentPreference R": 1.0,
  "UpdatePaymentPreference Support": 31
 },
 "Classification Many:1": {
  "AddDependent F1": 0.617283950617284,
  "AddDependent P": 0.5208333333333334,
  "AddDependent R": 0.7575757575757576,
  "AddDependent Support": 33,
  "CancelAutomaticBilling F1": 0.8571428571428571,
  "CancelAutomaticBilling P": 0.84375,
  "CancelAutomaticBilling R": 0.8709677419354839,
  "CancelAutomaticBilling Support": 31,
  "CancelPlan F1": 0.7741935483870968,
  "CancelPlan P": 0.7272727272727273,
  "CancelPlan R": 0.8275862068965517,
  "CancelPlan Support": 29,
  "ChangeAddress F1": 1.0,
  "ChangeAddress P": 1.0,
  "ChangeAddress R": 1.0,
  "ChangeAddress Support": 31,
  "ChangePlan F1": 0.5633802816901408,
  "ChangePlan P": 0.47619047619047616,
  "ChangePlan R": 0.6896551724137931,
  "ChangePlan Support": 29,
  "ChangeSecurityQuestion F1": 1.0,
  "ChangeSecurityQuestion P": 1.0,
  "ChangeSecurityQuestion R": 1.0,
  "ChangeSecurityQuestion Support": 29,
  "CheckAccountBalance F1": 0.4833333333333333,
  "CheckAccountBalance P": 0.31868131868131866,
  "CheckAccountBalance R": 1.0,
  "CheckAccountBalance Support": 29,
  "CheckPaymentStatus F1": 0.0625,
  "CheckPaymentStatus P": 1.0,
  "CheckPaymentStatus R": 0.03225806451612903,
  "CheckPaymentStatus Support": 31,
  "CreateAccount F1": 0.9473684210526316,
  "CreateAccount P": 1.0,
  "CreateAccount R": 0.9,
  "CreateAccount Support": 30,
  "EnrollInPlan F1": 0.0,
  "EnrollInPlan P": 0.0,
  "EnrollInPlan R": 0.0,
  "EnrollInPlan Support": 32,
  "FileClaim F1": 0.5939393939393939,
  "FileClaim P": 0.47572815533980584,
  "FileClaim R": 0.7903225806451613,
  "FileClaim Support": 124,
  "FindAgent F1": 0.4736842105263158,
  "FindAgent P": 1.0,
  "FindAgent R": 0.3103448275862069,
  "FindAgent Support": 29,
  "GetPolicyNumber F1": 0.90625,
  "GetPolicyNumber P": 0.8529411764705882,
  "GetPolicyNumber R": 0.9666666666666667,
  "GetPolicyNumber Support": 30,
  "GetQuote F1": 0.7932011331444759,
  "GetQuote P": 0.813953488372093,
  "GetQuote R": 0.7734806629834254,
  "GetQuote Support": 181,
  "Micro Averaged F1": 0.656078860898138,
  "Micro Averaged P": 0.656078860898138,
  "Micro Averaged R": 0.656078860898138,
  "Micro Averaged Support": 913,
  "PayBill F1": 0.7761194029850745,
  "PayBill P": 0.7878787878787878,
  "PayBill R": 0.7647058823529411,
  "PayBill Support": 34,
  "RemoveDependent F1": 0.0,
  "RemoveDependent P": 0.0,
  "RemoveDependent R": 0.0,
  "RemoveDependent Support": 31,
  "ReportAutomobileAccident F1": 0.7419354838709677,
  "ReportAutomobileAccident P": 0.6764705882352942,
  "ReportAutomobileAccident R": 0.8214285714285714,
  "ReportAutomobileAccident Support": 28,
  "ReportBillingIssue F1": 0.06060606060606061,
  "ReportBillingIssue P": 1.0,
  "ReportBillingIssue R": 0.03125,
  "ReportBillingIssue Support": 32,
  "RequestProofOfInsurance F1": 0.0,
  "RequestProofOfInsurance P": 0.0,
  "RequestProofOfInsurance R": 0.0,
  "RequestProofOfInsurance Support": 31,
  "ResetPassword F1": 0.9666666666666666,
  "ResetPassword P": 0.9354838709677419,
  "ResetPassword R": 1.0,
  "ResetPassword Support": 29,
  "UpdateBillingFrequency F1": 0.0,
  "UpdateBillingFrequency P": 0.0,
  "UpdateBillingFrequency R": 0.0,
  "UpdateBillingFrequency Support": 29,
  "UpdatePaymentPreference F1": 0.688888888888889,
  "UpdatePaymentPreference P": 0.5254237288135594,
  "UpdatePaymentPreference R": 1.0,
  "UpdatePaymentPreference Support": 31
 },
 "Cluster:Ref Many:1 Alignment": {
  "1": "FindAgent",
  "10": "ResetPassword",
  "12": "GetQuote",
  "17": "CancelPlan",
  "2": "ReportAutomobileAccident",
  "20": "CheckAccountBalance",
  "22": "GetPolicyNumber",
  "25": "AddDependent",
  "26": "ResetPassword",
  "27": "GetQuote",
  "28": "PayBill",
  "29": "ChangePlan",
  "3": "GetQuote",
  "30": "ReportBillingIssue",
  "33": "ChangeAddress",
  "34": "UpdatePaymentPreference",
  "35": "ChangePlan",