{
 "NMI": 61.401239043548316,
 "ARI": 34.32557744359824,
 "ACC": 47.097480832420594,
 "Precision": 54.326396495071194,
 "Recall": 61.99342825848851,
 "F1": 57.90723242224162,
 "Example Coverage": 80.28477546549836,
 "Reference K": 22.0,
 "K": 29.0,
 "# Intents": 50,
 "# Utterances": 3449,
 "# Utterances per Intent": 68.98
}