{
 "1:1 Alignment": {
  "0": "AddDependent",
  "10": "ChangeSecurityQuestion",
  "11": "RemoveDependent",
  "12": "FindAgent",
  "13": "ResetPassword",
  "14": "CancelPlan",
  "16": "ReportBillingIssue",
  "2": "CheckPaymentStatus",
  "20": "UpdatePaymentPreference",
  "21": "CancelAutomaticBilling",
  "23": "ChangeAddress",
  "25": "ReportAutomobileAccident",
  "3": "GetPolicyNumber",
  "30": "CreateAccount",
  "31": "GetQuote",
  "32": "ChangePlan",
  "34": "RequestProofOfInsurance",
  "35": "UpdateBillingFrequency",
  "37": "EnrollInPlan",
  "39": "FileClaim",
  "4": "PayBill",
  "7": "CheckAccountBalance"
 },
 "ACC": 44.030668127053666,
 "ARI": 27.142047057486394,
 "Classification 1:1": {
  "AddDependent F1": 0.10256410256410256,
  "AddDependent P": 0.3333333333333333,
  "AddDependent R": 0.06060606060606061,
  "AddDependent Support": 33,
  "CancelAutomaticBilling F1": 0.05555555555555555,
  "CancelAutomaticBilling P": 0.2,
  "CancelAutomaticBilling R": 0.03225806451612903,
  "CancelAutomaticBilling Support": 31,
  "CancelPlan F1": 0.6823529411764707,
  "CancelPlan P": 0.5178571428571429,
  "CancelPlan R": 1.0,
  "CancelPlan Support": 29,
  "ChangeAddress F1": 0.6923076923076925,
  "ChangeAddress P": 0.574468085106383,
  "ChangeAddress R": 0.8709677419354839,
  "ChangeAddress Support": 31,
  "ChangePlan F1": 0.41379310344827586,
  "ChangePlan P": 0.41379310344827586,
  "ChangePlan R": 0.41379310344827586,
  "ChangePlan Support": 29,
  "ChangeSecurityQuestion F1": 0.1111111111111111,
  "ChangeSecurityQuestion P": 0.2857142857142857,
  "ChangeSecurityQuestion R": 0.06896551724137931,
  "ChangeSecurityQuestion Support": 29,
  "CheckAccountBalance F1": 0.0606060606060606,
  "CheckAccountBalance P": 0.25,
  "CheckAccountBalance R": 0.034482758620689655,
  "CheckAccountBalance Support": 29,
  "CheckPaymentStatus F1": 0.2564102564102564,
  "CheckPaymentStatus P": 0.625,
  "CheckPaymentStatus R": 0.16129032258064516,
  "CheckPaymentStatus Support": 31,
  "CreateAccount F1": 0.49523809523809526,
  "CreateAccount P": 0.3466666666666667,
  "CreateAccount R": 0.8666666666666667,
  "CreateAccount Support": 30,
  "EnrollInPlan F1": 0.03333333333333333,
  "EnrollInPlan P": 0.03571428571428571,
  "EnrollInPlan R": 0.03125,
  "EnrollInPlan Support": 32,
  "FileClaim F1": 0.3536585365853658,
  "FileClaim P": 0.725,
  "FileClaim R": 0.23387096774193547,
  "FileClaim Support": 124,
  "FindAgent F1": 0.14634146341463414,
  "FindAgent P": 0.25,
  "FindAgent R": 0.10344827586206896,
  "FindAgent Support": 29,
  "GetPolicyNumber F1": 0.7200000000000001,
  "GetPolicyNumber P": 0.9,
  "GetPolicyNumber R": 0.6,
  "GetPolicyNumber Support": 30,
  "GetQuote F1": 0.5273159144893111,
  "GetQuote P": 0.4625,
  "GetQuote R": 0.6132596685082873,
  "GetQuote Support": 181,
  "Micro Averaged F1": 0.4403066812705367,
  "Micro Averaged P": 0.4403066812705367,
  "Micro Averaged R": 0.4403066812705367,
  "Micro Averaged Support": 913,
  "N/A F1": 0.0,
  "N/A P": 0.0,
  "N/A R": 0.0,
  "N/A Support": 0,
  "PayBill F1": 0.6,
  "PayBill P": 0.48214285714285715,
  "PayBill R": 0.7941176470588235,
  "PayBill Support": 34,
  "RemoveDependent F1": 0.45454545454545453,
  "RemoveDependent P": 0.3508771929824561,
  "RemoveDependent R": 0.6451612903225806,
  "RemoveDependent Support": 31,
  "ReportAutomobileAccident F1": 0.7567567567567568,
  "ReportAutomobileAccident P": 0.6086956521739131,
  "ReportAutomobileAccident R": 1.0,
  "ReportAutomobileAccident Support": 28,
  "ReportBillingIssue F1": 0.24489795918367344,
  "ReportBillingIssue P": 0.35294117647058826,
  "ReportBillingIssue R": 0.1875,
  "ReportBillingIssue Support": 32,
  "RequestProofOfInsurance F1": 0.08695652173913043,
  "RequestProofOfInsurance P": 0.13333333333333333,
  "RequestProofOfInsurance R": 0.06451612903225806,
  "RequestProofOfInsurance Support": 31,
  "ResetPassword F1": 0.8387096774193549,
  "ResetPassword P": 0.7878787878787878,
  "ResetPassword R": 0.896551724137931,
  "ResetPassword Support": 29,
  "UpdateBillingFrequency F1": 0.1875,
  "UpdateBillingFrequency P": 1.0,
  "UpdateBillingFrequency R": 0.10344827586206896,
  "UpdateBillingFrequency Support": 29,
  "UpdatePaymentPreference F1": 0.4742268041237114,
  "UpdatePaymentPreference P": 0.3484848484848485,
  "UpdatePaymentPreference R": 0.7419354838709677,
  "UpdatePaymentPreference Support": 31
 },
 "Classification Many:1": {
  "AddDependent F1": 0.10256410256410256,
  "AddDependent P": 0.3333333333333333,
  "AddDependent R": 0.06060606060606061,
  "AddDependent Support": 33,
  "CancelAutomaticBilling F1": 0.0,
  "CancelAutomaticBilling P": 0.0,
  "CancelAutomaticBilling R": 0.0,
  "CancelAutomaticBilling Support": 31,
  "CancelPlan F1": 0.6823529411764707,
  "CancelPlan P": 0.5178571428571429,
  "CancelPlan R": 1.0,
  "CancelPlan Support": 29,
  "ChangeAddress F1": 0.7058823529411765,
  "ChangeAddress P": 0.5555555555555556,
  "ChangeAddress R": 0.967741935483871,
  "ChangeAddress Support": 31,
  "ChangePlan F1": 0.41379310344827586,
  "ChangePlan P": 0.41379310344827586,
  "ChangePlan R": 0.41379310344827586,
  "ChangePlan Support": 29,
  "ChangeSecurityQuestion F1": 0.0,
  "ChangeSecurityQuestion P": 0.0,
  "ChangeSecurityQuestion R": 0.0,
  "ChangeSecurityQuestion Support": 29,
  "CheckAccountBalance F1": 0.0,
  "CheckAccountBalance P": 0.0,
  "CheckAccountBalance R": 0.0,
  "CheckAccountBalance Support": 29,
  "CheckPaymentStatus F1": 0.2564102564102564,
  "CheckPaymentStatus P": 0.625,
  "CheckPaymentStatus R": 0.16129032258064516,
  "CheckPaymentStatus Support": 31,
  "CreateAccount F1": 0.49523809523809526,
  "CreateAccount P": 0.3466666666666667,
  "CreateAccount R": 0.8666666666666667,
  "CreateAccount Support": 30,
  "EnrollInPlan F1": 0.0,
  "EnrollInPlan P": 0.0,
  "EnrollInPlan R": 0.0,
  "EnrollInPlan Support": 32,
  "FileClaim F1": 0.3536585365853658,
  "FileClaim P": 0.725,
  "FileClaim R": 0.23387096774193547,
  "FileClaim Support": 124,
  "FindAgent F1": 0.06666666666666667,
  "FindAgent P": 1.0,
  "FindAgent R": 0.034482758620689655,
  "FindAgent Support": 29,
  "GetPolicyNumber F1": 0.7407407407407408,
  "GetPolicyNumber P": 0.8333333333333334,
  "GetPolicyNumber R": 0.6666666666666666,
  "GetPolicyNumber Support": 30,
  "GetQuote F1": 0.6640471512770137,
  "GetQuote P": 0.5152439024390244,
  "GetQuote R": 0.9337016574585635,
  "GetQuote Support": 181,
  "Micro Averaged F1": 0.5049288061336255,
  "Micro Averaged P": 0.5049288061336255,
  "Micro Averaged R": 0.5049288061336255,
  "Micro Averaged Support": 913,
  "PayBill F1": 0.6,
  "PayBill P": 0.48214285714285715,
  "PayBill R": 0.7941176470588235,
  "PayBill Support": 34,
  "RemoveDependent F1": 0.45454545454545453,
  "RemoveDependent P": 0.3508771929824561,
  "RemoveDependent R": 0.6451612903225806,
  "RemoveDependent Support": 31,
  "ReportAutomobileAccident F1": 0.7567567567567568,
  "ReportAutomobileAccident P": 0.6086956521739131,
  "ReportAutomobileAccident R": 1.0,
  "ReportAutomobileAccident Support": 28,
  "ReportBillingIssue F1": 0.24489795918367344,
  "ReportBillingIssue P": 0.35294117647058826,
  "ReportBillingIssue R": 0.1875,
  "ReportBillingIssue Support": 32,
  "RequestProofOfInsurance F1": 0.0,
  "RequestProofOfInsurance P": 0.0,
  "RequestProofOfInsurance R": 0.0,
  "RequestProofOfInsurance Support": 31,
  "ResetPassword F1": 0.8437500000000001,
  "ResetPassword P": 0.7714285714285715,
  "ResetPassword R": 0.9310344827586207,
  "ResetPassword Support": 29,
  "UpdateBillingFrequency F1": 0.3181818181818182,
  "UpdateBillingFrequency P": 0.4666666666666667,
  "UpdateBillingFrequency R": 0.2413793103448276,
  "UpdateBillingFrequency Support": 29,
  "UpdatePaymentPreference F1": 0.4742268041237114,
  "UpdatePaymentPreference P": 0.3484848484848485,
  "UpdatePaymentPreference R": 0.7419354838709677,
  "UpdatePaymentPreference Support": 31
 },
 "Cluster:Ref Many:1 Alignment": {
  "0": "AddDependent",
  "1": "GetQuote",
  "10": "ChangeAddress",
  "11": "RemoveDependent",