{
 "1:1 Alignment": {
  "0": "CancelPlan",
  "1": "UpdateBillingFrequency",
  "10": "EnrollInPlan",
  "11": "CheckPaymentStatus",
  "13": "CreateAccount",
  "14": "CheckAccountBalance",
  "16": "ReportAutomobileAccident",
  "2": "FileClaim",
  "20": "PayBill",
  "21": "RemoveDependent",
  "23": "ChangeSecurityQuestion",
  "24": "UpdatePaymentPreference",
  "28": "FindAgent",
  "3": "RequestProofOfInsurance",
  "31": "ReportBillingIssue",
  "33": "ChangeAddress",
  "34": "CancelAutomaticBilling",
  "35": "GetQuote",
  "38": "ResetPassword",
  "41": "GetPolicyNumber",
  "5": "ChangePlan",
  "7": "AddDependent"
 },
 "ACC": 47.097480832420594,
 "ARI": 34.32557744359824,
 "Classification 1:1": {
  "AddDependent F1": 0.05882352941176471,
  "AddDependent P": 1.0,
  "AddDependent R": 0.030303030303030304,
  "AddDependent Support": 33,
  "CancelAutomaticBilling F1": 0.05714285714285715,
  "CancelAutomaticBilling P": 0.25,
  "CancelAutomaticBilling R": 0.03225806451612903,
  "CancelAutomaticBilling Support": 31,
  "CancelPlan F1": 0.7088607594936709,
  "CancelPlan P": 0.56,
  "CancelPlan R": 0.9655172413793104,
  "CancelPlan Support": 29,
  "ChangeAddress F1": 0.967741935483871,
  "ChangeAddress P": 0.967741935483871,
  "ChangeAddress R": 0.967741935483871,
  "ChangeAddress Support": 31,
  "ChangePlan F1": 0.05555555555555555,
  "ChangePlan P": 0.14285714285714285,
  "ChangePlan R": 0.034482758620689655,
  "ChangePlan Support": 29,
  "ChangeSecurityQuestion F1": 0.32432432432432434,
  "ChangeSecurityQuestion P": 0.75,
  "ChangeSecurityQuestion R": 0.20689655172413793,
  "ChangeSecurityQuestion Support": 29,
  "CheckAccountBalance F1": 0.1142857142857143,
  "CheckAccountBalance P": 0.3333333333333333,
  "CheckAccountBalance R": 0.06896551724137931,
  "CheckAccountBalance Support": 29,
  "CheckPaymentStatus F1": 0.5652173913043478,
  "CheckPaymentStatus P": 0.8666666666666667,
  "CheckPaymentStatus R": 0.41935483870967744,
  "CheckPaymentStatus Support": 31,
  "CreateAccount F1": 0.48000000000000004,
  "CreateAccount P": 0.34285714285714286,
  "CreateAccount R": 0.8,
  "CreateAccount Support": 30,
  "EnrollInPlan F1": 0.0625,
  "EnrollInPlan P": 0.0625,
  "EnrollInPlan R": 0.0625,
  "EnrollInPlan Support": 32,
  "FileClaim F1": 0.5726141078838174,
  "FileClaim P": 0.5897435897435898,
  "FileClaim R": 0.5564516129032258,
  "FileClaim Support": 124,
  "FindAgent F1": 0.0625,
  "FindAgent P": 0.3333333333333333,
  "FindAgent R": 0.034482758620689655,
  "FindAgent Support": 29,
  "GetPolicyNumber F1": 0.6521739130434783,
  "GetPolicyNumber P": 0.9375,
  "GetPolicyNumber R": 0.5,
  "GetPolicyNumber Support": 30,
  "GetQuote F1": 0.6618705035971223,
  "GetQuote P": 0.9484536082474226,
  "GetQuote R": 0.5082872928176796,
  "GetQuote Support": 181,
  "Micro Averaged F1": 0.4709748083242059,
  "Micro Averaged P": 0.4709748083242059,
  "Micro Averaged R": 0.4709748083242059,
  "Micro Averaged Support": 913,
  "N/A F1": 0.0,
  "N/A P": 0.0,
  "N/A R": 0.0,
  "N/A Support": 0,
  "PayBill F1": 0.6585365853658537,
  "PayBill P": 0.5625,
  "PayBill R": 0.7941176470588235,
  "PayBill Support": 34,
  "RemoveDependent F1": 0.5301204819277108,
  "RemoveDependent P": 0.4230769230769231,
  "RemoveDependent R": 0.7096774193548387,
  "RemoveDependent Support": 31,
  "ReportAutomobileAccident F1": 0.3010752688172043,
  "ReportAutomobileAccident P": 0.2153846153846154,
  "ReportAutomobileAccident R": 0.5,
  "ReportAutomobileAccident Support": 28,
  "ReportBillingIssue F1": 0.5,
  "ReportBillingIssue P": 0.4166666666666667,
  "ReportBillingIssue R": 0.625,
  "ReportBillingIssue Support": 32,
  "RequestProofOfInsurance F1": 0.3137254901960784,
  "RequestProofOfInsurance P": 0.19672131147540983,
  "RequestProofOfInsurance R": 0.7741935483870968,
  "RequestProofOfInsurance Support": 31,
  "ResetPassword F1": 0.6315789473684211,
  "ResetPassword P": 0.6428571428571429,
  "ResetPassword R": 0.6206896551724138,
  "ResetPassword Support": 29,
  "UpdateBillingFrequency F1": 0.12903225806451613,
  "UpdateBillingFrequency P": 1.0,
  "UpdateBillingFrequency R": 0.06896551724137931,
  "UpdateBillingFrequency Support": 29,
  "UpdatePaymentPreference F1": 0.37894736842105264,
  "UpdatePaymentPreference P": 0.28125,
  "UpdatePaymentPreference R": 0.5806451612903226,
  "UpdatePaymentPreference Support": 31
 },
 "Classification Many:1": {
  "AddDependent F1": 0.05882352941176471,
  "AddDependent P": 1.0,
  "AddDependent R": 0.030303030303030304,
  "AddDependent Support": 33,
  "CancelAutomaticBilling F1": 0.0,
  "CancelAutomaticBilling P": 0.0,
  "CancelAutomaticBilling R": 0.0,
  "CancelAutomaticBilling Support": 31,
  "CancelPlan F1": 0.7088607594936709,
  "CancelPlan P": 0.56,
  "CancelPlan R": 0.9655172413793104,
  "CancelPlan Support": 29,
  "ChangeAddress F1": 0.967741935483871,
  "ChangeAddress P": 0.967741935483871,
  "ChangeAddress R": 0.967741935483871,
  "ChangeAddress Support": 31,
  "ChangePlan F1": 0.0,
  "ChangePlan P": 0.0,
  "ChangePlan R": 0.0,
  "ChangePlan Support": 29,
  "ChangeSecurityQuestion F1": 0.32432432432432434,
  "ChangeSecurityQuestion P": 0.75,
  "ChangeSecurityQuestion R": 0.20689655172413793,
  "ChangeSecurityQuestion Support": 29,
  "CheckAccountBalance F1": 0.1142857142857143,
  "CheckAccountBalance P": 0.3333333333333333,
  "CheckAccountBalance R": 0.06896551724137931,
  "CheckAccountBalance Support": 29,
  "CheckPaymentStatus F1": 0.6,
  "CheckPaymentStatus P": 0.7894736842105263,
  "CheckPaymentStatus R": 0.4838709677419355,
  "CheckPaymentStatus Support": 31,
  "CreateAccount F1": 0.5048543689320387,
  "CreateAccount P": 0.3561643835616438,
  "CreateAccount R": 0.8666666666666667,
  "CreateAccount Support": 30,
  "EnrollInPlan F1": 0.0,
  "EnrollInPlan P": 0.0,
  "EnrollInPlan R": 0.0,
  "EnrollInPlan Support": 32,
  "FileClaim F1": 0.5726141078838174,
  "FileClaim P": 0.5897435897435898,
  "FileClaim R": 0.5564516129032258,
  "FileClaim Support": 124,
  "FindAgent F1": 0.0,
  "FindAgent P": 0.0,
  "FindAgent R": 0.0,
  "FindAgent Support": 29,
  "GetPolicyNumber F1": 0.7169811320754716,
  "GetPolicyNumber P": 0.8260869565217391,
  "GetPolicyNumber R": 0.6333333333333333,
  "GetPolicyNumber Support": 30,
  "GetQuote F1": 0.7125984251968503,
  "GetQuote P": 0.5535168195718655,
  "GetQuote R": 1.0,
  "GetQuote Support": 181,
  "Micro Averaged F1": 0.5432639649507119,
  "Micro Averaged P": 0.5432639649507119,
  "Micro Averaged R": 0.5432639649507119,
  "Micro Averaged Support": 913,
  "PayBill F1": 0.6746987951807228,
  "PayBill P": 0.5714285714285714,
  "PayBill R": 0.8235294117647058,
  "PayBill Support": 34,
  "RemoveDependent F1": 0.5348837209302325,
  "RemoveDependent P": 0.41818181818181815,
  "RemoveDependent R": 0.7419354838709677,
  "RemoveDependent Support": 31,
  "ReportAutomobileAccident F1": 0.0,
  "ReportAutomobileAccident P": 0.0,
  "ReportAutomobileAccident R": 0.0,
  "ReportAutomobileAccident Support": 28,
  "ReportBillingIssue F1": 0.5,
  "ReportBillingIssue P": 0.4166666666666667,
  "ReportBillingIssue R": 0.625,
  "ReportBillingIssue Support": 32,
  "RequestProofOfInsurance F1": 0.0,
  "RequestProofOfInsurance P": 0.0,
  "RequestProofOfInsurance R": 0.0,
  "RequestProofOfInsurance Support": 31,
  "ResetPassword F1": 0.8059701492537312,
  "ResetPassword P": 0.7105263157894737,
  "ResetPassword R": 0.9310344827586207,
  "ResetPassword Support": 29,
  "UpdateBillingFrequency F1": 0.18181818181818182,
  "UpdateBillingFrequency P": 0.75,
  "UpdateBillingFrequency R": 0.10344827586206896,
  "UpdateBillingFrequency Support": 29,
  "UpdatePaymentPreference F1": 0.37894736842105264,
  "UpdatePaymentPreference P": 0.28125,
  "UpdatePaymentPreference R": 0.5806451612903226,
  "UpdatePaymentPreference Support": 31
 },
 "Cluster:Ref Many:1 Alignment": {
  "0": "CancelPlan",
  "1": "UpdateBillingFrequency",
  "10": "GetQuote",
  "11": "CheckPaymentStatus",
  "13": "CreateAccount",
  "14": "CheckAccountBalance",
  "16": "GetQuote",
  "17": "CreateAccount",