{
 "NMI": 69.16003911897461,
 "ARI": 38.731975622028806,
 "ACC": 52.13581599123768,
 "Precision": 62.4315443592552,
 "Recall": 69.98904709748082,
 "F1": 65.99463498025487,
 "Example Coverage": 93.75684556407448,
 "Reference K": 22.0,
 "K": 32.0,
 "# Intents": 50,
 "# Utterances": 3449,
 "# Utterances per Intent": 68.98
}