{
 "NMI": 62.683499105160266,
 "ARI": 37.327401672922484,
 "ACC": 52.573932092004384,
 "Precision": 63.41730558598029,
 "Recall": 59.802847754654984,
 "F1": 61.55706462212486,
 "Example Coverage": 89.5947426067908,
 "Reference K": 22.0,
 "K": 34.0,
 "# Intents": 50,
 "# Utterances": 3449,
 "# Utterances per Intent": 68.98
}