{
 "1:1 Alignment": {
  "1": "CancelAutomaticBilling",
  "11": "FileClaim",
  "14": "CancelPlan",
  "15": "GetPolicyNumber",
  "16": "ReportBillingIssue",
  "2": "UpdateBillingFrequency",
  "21": "AddDependent",
  "22": "GetQuote",
  "23": "ChangePlan",
  "25": "PayBill",
  "34": "RemoveDependent",
  "35": "ChangeAddress",
  "36": "ReportAutomobileAccident",
  "38": "RequestProofOfInsurance",
  "40": "ChangeSecurityQuestion",
  "41": "CheckPaymentStatus",
  "43": "UpdatePaymentPreference",
  "44": "CheckAccountBalance",
  "49": "ResetPassword",
  "5": "CreateAccount",
  "6": "FindAgent",
  "9": "EnrollInPlan"
 },
 "ACC": 52.573932092004384,
 "ARI": 37.327401672922484,
 "Classification 1:1": {
  "AddDependent F1": 0.2926829268292683,
  "AddDependent P": 0.75,
  "AddDependent R": 0.18181818181818182,
  "AddDependent Support": 33,
  "CancelAutomaticBilling F1": 0.9032258064516129,
  "CancelAutomaticBilling P": 0.9032258064516129,
  "CancelAutomaticBilling R": 0.9032258064516129,
  "CancelAutomaticBilling Support": 31,
  "CancelPlan F1": 0.5714285714285714,
  "CancelPlan P": 0.5925925925925926,
  "CancelPlan R": 0.5517241379310345,
  "CancelPlan Support": 29,
  "ChangeAddress F1": 0.909090909090909,
  "ChangeAddress P": 0.8571428571428571,
  "ChangeAddress R": 0.967741935483871,
  "ChangeAddress Support": 31,
  "ChangePlan F1": 0.39436619718309857,
  "ChangePlan P": 0.3333333333333333,
  "ChangePlan R": 0.4827586206896552,
  "ChangePlan Support": 29,
  "ChangeSecurityQuestion F1": 0.3111111111111111,
  "ChangeSecurityQuestion P": 0.4375,
  "ChangeSecurityQuestion R": 0.2413793103448276,
  "ChangeSecurityQuestion Support": 29,
  "CheckAccountBalance F1": 0.5142857142857142,
  "CheckAccountBalance P": 0.35526315789473684,
  "CheckAccountBalance R": 0.9310344827586207,
  "CheckAccountBalance Support": 29,
  "CheckPaymentStatus F1": 0.41509433962264153,
  "CheckPaymentStatus P": 0.5,
  "CheckPaymentStatus R": 0.3548387096774194,
  "CheckPaymentStatus Support": 31,
  "CreateAccount F1": 0.1212121212121212,
  "CreateAccount P": 0.6666666666666666,
  "CreateAccount R": 0.06666666666666667,
  "CreateAccount Support": 30,
  "EnrollInPlan F1": 0.22448979591836735,
  "EnrollInPlan P": 0.16666666666666666,
  "EnrollInPlan R": 0.34375,
  "EnrollInPlan Support": 32,
  "FileClaim F1": 0.6917293233082707,
  "FileClaim P": 0.647887323943662,
  "FileClaim R": 0.7419354838709677,
  "FileClaim Support": 124,
  "FindAgent F1": 0.5306122448979592,
  "FindAgent P": 0.65,
  "FindAgent R": 0.4482758620689655,
  "FindAgent Support": 29,
  "GetPolicyNumber F1": 0.6521739130434783,
  "GetPolicyNumber P": 0.9375,
  "GetPolicyNumber R": 0.5,
  "GetPolicyNumber Support": 30,
  "GetQuote F1": 0.5591397849462366,
  "GetQuote P": 0.7959183673469388,
  "GetQuote R": 0.430939226519337,
  "GetQuote Support": 181,
  "Micro Averaged F1": 0.5257393209200438,
  "Micro Averaged P": 0.5257393209200438,
  "Micro Averaged R": 0.5257393209200438,
  "Micro Averaged Support": 913,
  "N/A F1": 0.0,
  "N/A P": 0.0,
  "N/A R": 0.0,
  "N/A Support": 0,
  "PayBill F1": 0.6666666666666666,
  "PayBill P": 0.5471698113207547,
  "PayBill R": 0.8529411764705882,
  "PayBill Support": 34,
  "RemoveDependent F1": 0.3137254901960784,
  "RemoveDependent P": 0.4,
  "RemoveDependent R": 0.25806451612903225,
  "RemoveDependent Support": 31,
  "ReportAutomobileAccident F1": 0.8307692307692307,
  "ReportAutomobileAccident P": 0.7297297297297297,
  "ReportAutomobileAccident R": 0.9642857142857143,
  "ReportAutomobileAccident Support": 28,
  "ReportBillingIssue F1": 0.0,
  "ReportBillingIssue P": 0.0,
  "ReportBillingIssue R": 0.0,
  "ReportBillingIssue Support": 32,
  "RequestProofOfInsurance F1": 0.5,
  "RequestProofOfInsurance P": 0.8461538461538461,
  "RequestProofOfInsurance R": 0.3548387096774194,
  "RequestProofOfInsurance Support": 31,
  "ResetPassword F1": 0.8813559322033899,
  "ResetPassword P": 0.8666666666666667,
  "ResetPassword R": 0.896551724137931,
  "ResetPassword Support": 29,
  "UpdateBillingFrequency F1": 0.2352941176470588,
  "UpdateBillingFrequency P": 0.8,
  "UpdateBillingFrequency R": 0.13793103448275862,
  "UpdateBillingFrequency Support": 29,
  "UpdatePaymentPreference F1": 0.7142857142857142,
  "UpdatePaymentPreference P": 0.6410256410256411,
  "UpdatePaymentPreference R": 0.8064516129032258,
  "UpdatePaymentPreference Support": 31
 },
 "Classification Many:1": {
  "AddDependent F1": 0.2926829268292683,
  "AddDependent P": 0.75,
  "AddDependent R": 0.18181818181818182,
  "AddDependent Support": 33,
  "CancelAutomaticBilling F1": 0.9032258064516129,
  "CancelAutomaticBilling P": 0.9032258064516129,
  "CancelAutomaticBilling R": 0.9032258064516129,
  "CancelAutomaticBilling Support": 31,
  "CancelPlan F1": 0.7368421052631579,
  "CancelPlan P": 0.5957446808510638,
  "CancelPlan R": 0.9655172413793104,
  "CancelPlan Support": 29,
  "ChangeAddress F1": 0.909090909090909,
  "ChangeAddress P": 0.8571428571428571,
  "ChangeAddress R": 0.967741935483871,
  "ChangeAddress Support": 31,
  "ChangePlan F1": 0.39436619718309857,
  "ChangePlan P": 0.3333333333333333,
  "ChangePlan R": 0.4827586206896552,
  "ChangePlan Support": 29,
  "ChangeSecurityQuestion F1": 0.3829787234042554,
  "ChangeSecurityQuestion P": 0.5,
  "ChangeSecurityQuestion R": 0.3103448275862069,
  "ChangeSecurityQuestion Support": 29,
  "CheckAccountBalance F1": 0.5142857142857142,
  "CheckAccountBalance P": 0.35526315789473684,
  "CheckAccountBalance R": 0.9310344827586207,
  "CheckAccountBalance Support": 29,
  "CheckPaymentStatus F1": 0.5,
  "CheckPaymentStatus P": 0.56,
  "CheckPaymentStatus R": 0.45161290322580644,
  "CheckPaymentStatus Support": 31,
  "CreateAccount F1": 0.1212121212121212,
  "CreateAccount P": 0.6666666666666666,
  "CreateAccount R": 0.06666666666666667,
  "CreateAccount Support": 30,
  "EnrollInPlan F1": 0.0,
  "EnrollInPlan P": 0.0,
  "EnrollInPlan R": 0.0,
  "EnrollInPlan Support": 32,
  "FileClaim F1": 0.6917293233082707,
  "FileClaim P": 0.647887323943662,
  "FileClaim R": 0.7419354838709677,
  "FileClaim Support": 124,
  "FindAgent F1": 0.56,
  "FindAgent P": 0.6666666666666666,
  "FindAgent R": 0.4827586206896552,
  "FindAgent Support": 29,
  "GetPolicyNumber F1": 0.7058823529411764,
  "GetPolicyNumber P": 0.8571428571428571,
  "GetPolicyNumber R": 0.6,
  "GetPolicyNumber Support": 30,
  "GetQuote F1": 0.7720090293453724,
  "GetQuote P": 0.6526717557251909,
  "GetQuote R": 0.9447513812154696,
  "GetQuote Support": 181,
  "Micro Averaged F1": 0.6341730558598029,
  "Micro Averaged P": 0.6341730558598029,
  "Micro Averaged R": 0.6341730558598029,
  "Micro Averaged Support": 913,
  "PayBill F1": 0.7111111111111111,
  "PayBill P": 0.5714285714285714,
  "PayBill R": 0.9411764705882353,
  "PayBill Support": 34,
  "RemoveDependent F1": 0.0,
  "RemoveDependent P": 0.0,
  "RemoveDependent R": 0.0,
  "RemoveDependent Support": 31,
  "ReportAutomobileAccident F1": 0.8307692307692307,
  "ReportAutomobileAccident P": 0.7297297297297297,
  "ReportAutomobileAccident R": 0.9642857142857143,
  "ReportAutomobileAccident Support": 28,
  "ReportBillingIssue F1": 0.0,
  "ReportBillingIssue P": 0.0,
  "ReportBillingIssue R": 0.0,
  "ReportBillingIssue Support": 32,
  "RequestProofOfInsurance F1": 0.5,
  "RequestProofOfInsurance P": 0.8461538461538461,
  "RequestProofOfInsurance R": 0.3548387096774194,
  "RequestProofOfInsurance Support": 31,
  "ResetPassword F1": 0.8852459016393444,
  "ResetPassword P": 0.84375,
  "ResetPassword R": 0.9310344827586207,
  "ResetPassword Support": 29,
  "UpdateBillingFrequency F1": 0.2352941176470588,
  "UpdateBillingFrequency P": 0.8,
  "UpdateBillingFrequency R": 0.13793103448275862,
  "UpdateBillingFrequency Support": 29,
  "UpdatePaymentPreference F1": 0.7142857142857142,
  "UpdatePaymentPreference P": 0.6410256410256411,
  "UpdatePaymentPreference R": 0.8064516129032258,
  "UpdatePaymentPreference Support": 31
 },
 "Cluster:Ref Many:1 Alignment": {
  "0": "FindAgent",