{
 "NMI": 67.98451940685206,
 "ARI": 44.76157020857937,
 "ACC": 53.231106243154436,
 "Precision": 63.088718510405265,
 "Recall": 67.907995618839,
 "F1": 65.40970815460078,
 "Example Coverage": 79.6276013143483,
 "Reference K": 22.0,
 "K": 27.0,
 "# Intents": 47,
 "# Utterances": 3449,
 "# Utterances per Intent": 73.38297872340425
}