{
 "1:1 Alignment": {
  "1": "UpdatePaymentPreference",
  "10": "ReportAutomobileAccident",
  "11": "RemoveDependent",
  "12": "CheckAccountBalance",
  "15": "FindAgent",
  "16": "ChangeAddress",
  "18": "ReportBillingIssue",
  "19": "CheckPaymentStatus",
  "22": "RequestProofOfInsurance",
  "27": "PayBill",
  "29": "AddDependent",
  "3": "EnrollInPlan",
  "30": "CreateAccount",
  "31": "ChangePlan",
  "34": "GetPolicyNumber",
  "41": "ResetPassword",
  "42": "CancelPlan",
  "43": "FileClaim",
  "45": "CancelAutomaticBilling",
  "46": "UpdateBillingFrequency",
  "49": "GetQuote",
  "7": "ChangeSecurityQuestion"
 },
 "ACC": 52.13581599123768,
 "ARI": 38.731975622028806,
 "Classification 1:1": {
  "AddDependent F1": 0.7540983606557378,
  "AddDependent P": 0.8214285714285714,
  "AddDependent R": 0.696969696969697,
  "AddDependent Support": 33,
  "CancelAutomaticBilling F1": 0.8888888888888888,
  "CancelAutomaticBilling P": 0.875,
  "CancelAutomaticBilling R": 0.9032258064516129,
  "CancelAutomaticBilling Support": 31,
  "CancelPlan F1": 0.4390243902439025,
  "CancelPlan P": 0.75,
  "CancelPlan R": 0.3103448275862069,
  "CancelPlan Support": 29,
  "ChangeAddress F1": 0.8727272727272727,
  "ChangeAddress P": 1.0,
  "ChangeAddress R": 0.7741935483870968,
  "ChangeAddress Support": 31,
  "ChangePlan F1": 0.625,
  "ChangePlan P": 0.7894736842105263,
  "ChangePlan R": 0.5172413793103449,
  "ChangePlan Support": 29,
  "ChangeSecurityQuestion F1": 0.5833333333333334,
  "ChangeSecurityQuestion P": 0.4883720930232558,
  "ChangeSecurityQuestion R": 0.7241379310344828,
  "ChangeSecurityQuestion Support": 29,
  "CheckAccountBalance F1": 0.0,
  "CheckAccountBalance P": 0.0,
  "CheckAccountBalance R": 0.0,
  "CheckAccountBalance Support": 29,
  "CheckPaymentStatus F1": 0.512396694214876,
  "CheckPaymentStatus P": 0.34444444444444444,
  "CheckPaymentStatus R": 1.0,
  "CheckPaymentStatus Support": 31,
  "CreateAccount F1": 0.6236559139784946,
  "CreateAccount P": 0.4603174603174603,
  "CreateAccount R": 0.9666666666666667,
  "CreateAccount Support": 30,
  "EnrollInPlan F1": 0.5252525252525252,
  "EnrollInPlan P": 0.3880597014925373,
  "EnrollInPlan R": 0.8125,
  "EnrollInPlan Support": 32,
  "FileClaim F1": 0.675,
  "FileClaim P": 0.6982758620689655,
  "FileClaim R": 0.6532258064516129,
  "FileClaim Support": 124,
  "FindAgent F1": 0.983050847457627,
  "FindAgent P": 0.9666666666666667,
  "FindAgent R": 1.0,
  "FindAgent Support": 29,
  "GetPolicyNumber F1": 0.0625,
  "GetPolicyNumber P": 0.5,
  "GetPolicyNumber R": 0.03333333333333333,
  "GetPolicyNumber Support": 30,
  "GetQuote F1": 0.5555555555555555,
  "GetQuote P": 0.9859154929577465,
  "GetQuote R": 0.3867403314917127,
  "GetQuote Support": 181,
  "Micro Averaged F1": 0.5213581599123768,
  "Micro Averaged P": 0.5213581599123768,
  "Micro Averaged R": 0.5213581599123768,
  "Micro Averaged Support": 913,
  "N/A F1": 0.0,
  "N/A P": 0.0,
  "N/A R": 0.0,
  "N/A Support": 0,
  "PayBill F1": 0.1621621621621622,
  "PayBill P": 1.0,
  "PayBill R": 0.08823529411764706,
  "PayBill Support": 34,
  "RemoveDependent F1": 0.64,
  "RemoveDependent P": 0.5454545454545454,
  "RemoveDependent R": 0.7741935483870968,
  "RemoveDependent Support": 31,
  "ReportAutomobileAccident F1": 0.0,
  "ReportAutomobileAccident P": 0.0,
  "ReportAutomobileAccident R": 0.0,
  "ReportAutomobileAccident Support": 28,
  "ReportBillingIssue F1": 0.10526315789473684,
  "ReportBillingIssue P": 0.3333333333333333,
  "ReportBillingIssue R": 0.0625,
  "ReportBillingIssue Support": 32,
  "RequestProofOfInsurance F1": 0.34285714285714286,
  "RequestProofOfInsurance P": 0.22018348623853212,
  "RequestProofOfInsurance R": 0.7741935483870968,
  "RequestProofOfInsurance Support": 31,
  "ResetPassword F1": 0.29411764705882354,
  "ResetPassword P": 1.0,
  "ResetPassword R": 0.1724137931034483,
  "ResetPassword Support": 29,
  "UpdateBillingFrequency F1": 0.2424242424242424,
  "UpdateBillingFrequency P": 1.0,
  "UpdateBillingFrequency R": 0.13793103448275862,
  "UpdateBillingFrequency Support": 29,
  "UpdatePaymentPreference F1": 0.6835443037974683,
  "UpdatePaymentPreference P": 0.5625,
  "UpdatePaymentPreference R": 0.8709677419354839,
  "UpdatePaymentPreference Support": 31
 },
 "Classification Many:1": {
  "AddDependent F1": 0.7540983606557378,
  "AddDependent P": 0.8214285714285714,
  "AddDependent R": 0.696969696969697,
  "AddDependent Support": 33,
  "CancelAutomaticBilling F1": 0.8888888888888888,
  "CancelAutomaticBilling P": 0.875,
  "CancelAutomaticBilling R": 0.9032258064516129,
  "CancelAutomaticBilling Support": 31,
  "CancelPlan F1": 0.4390243902439025,
  "CancelPlan P": 0.75,
  "CancelPlan R": 0.3103448275862069,
  "CancelPlan Support": 29,
  "ChangeAddress F1": 0.967741935483871,
  "ChangeAddress P": 0.967741935483871,
  "ChangeAddress R": 0.967741935483871,
  "ChangeAddress Support": 31,
  "ChangePlan F1": 0.625,
  "ChangePlan P": 0.7894736842105263,
  "ChangePlan R": 0.5172413793103449,
  "ChangePlan Support": 29,
  "ChangeSecurityQuestion F1": 0.06666666666666667,
  "ChangeSecurityQuestion P": 1.0,
  "ChangeSecurityQuestion R": 0.034482758620689655,
  "ChangeSecurityQuestion Support": 29,
  "CheckAccountBalance F1": 0.0,
  "CheckAccountBalance P": 0.0,
  "CheckAccountBalance R": 0.0,
  "CheckAccountBalance Support": 29,
  "CheckPaymentStatus F1": 0.512396694214876,
  "CheckPaymentStatus P": 0.34444444444444444,
  "CheckPaymentStatus R": 1.0,
  "CheckPaymentStatus Support": 31,
  "CreateAccount F1": 0.6382978723404256,
  "CreateAccount P": 0.46875,
  "CreateAccount R": 1.0,
  "CreateAccount Support": 30,
  "EnrollInPlan F1": 0.5252525252525252,
  "EnrollInPlan P": 0.3880597014925373,
  "EnrollInPlan R": 0.8125,
  "EnrollInPlan Support": 32,
  "FileClaim F1": 0.675,
  "FileClaim P": 0.6982758620689655,
  "FileClaim R": 0.6532258064516129,
  "FileClaim Support": 124,
  "FindAgent F1": 0.983050847457627,
  "FindAgent P": 0.9666666666666667,
  "FindAgent R": 1.0,
  "FindAgent Support": 29,
  "GetPolicyNumber F1": 0.0625,
  "GetPolicyNumber P": 0.5,
  "GetPolicyNumber R": 0.03333333333333333,
  "GetPolicyNumber Support": 30,
  "GetQuote F1": 0.7899543378995435,
  "GetQuote P": 0.6731517509727627,
  "GetQuote R": 0.9558011049723757,
  "GetQuote Support": 181,
  "Micro Averaged F1": 0.624315443592552,
  "Micro Averaged P": 0.624315443592552,
  "Micro Averaged R": 0.624315443592552,
  "Micro Averaged Support": 913,
  "PayBill F1": 0.1621621621621622,
  "PayBill P": 1.0,
  "PayBill R": 0.08823529411764706,
  "PayBill Support": 34,
  "RemoveDependent F1": 0.6753246753246753,
  "RemoveDependent P": 0.5652173913043478,
  "RemoveDependent R": 0.8387096774193549,
  "RemoveDependent Support": 31,
  "ReportAutomobileAccident F1": 0.0,
  "ReportAutomobileAccident P": 0.0,
  "ReportAutomobileAccident R": 0.0,
  "ReportAutomobileAccident Support": 28,
  "ReportBillingIssue F1": 0.10526315789473684,
  "ReportBillingIssue P": 0.3333333333333333,
  "ReportBillingIssue R": 0.0625,
  "ReportBillingIssue Support": 32,
  "RequestProofOfInsurance F1": 0.06060606060606061,
  "RequestProofOfInsurance P": 0.5,
  "RequestProofOfInsurance R": 0.03225806451612903,
  "RequestProofOfInsurance Support": 31,
  "ResetPassword F1": 0.717948717948718,
  "ResetPassword P": 0.5714285714285714,
  "ResetPassword R": 0.9655172413793104,
  "ResetPassword Support": 29,
  "UpdateBillingFrequency F1": 0.2424242424242424,
  "UpdateBillingFrequency P": 1.0,
  "UpdateBillingFrequency R": 0.13793103448275862,
  "UpdateBillingFrequency Support": 29,
  "UpdatePaymentPreference F1": 0.6823529411764706,
  "UpdatePaymentPreference P": 0.5370370370370371,
  "UpdatePaymentPreference R": 0.9354838709677419,
  "UpdatePaymentPreference Support": 31
 },
 "Cluster:Ref Many:1 Alignment": {
  "1": "UpdatePaymentPreference",
  "10": "GetQuote",
  "11": "RemoveDependent",
  "12": "CreateAccount",
  "13": "ResetPassword",
  "15": "FindAgent",
  "16": "ChangeAddress",
  "18": "ReportBillingIssue",