{
 "1:1 Alignment": {
  "1": "UpdatePaymentPreference",
  "10": "UpdateBillingFrequency",
  "11": "RemoveDependent",
  "12": "CreateAccount",
  "15": "FindAgent",
  "16": "ChangeAddress",
  "18": "ReportBillingIssue",
  "19": "CheckPaymentStatus",
  "21": "RequestProofOfInsurance",
  "22": "GetPolicyNumber",
  "27": "PayBill",
  "29": "AddDependent",
  "3": "EnrollInPlan",
  "30": "CheckAccountBalance",
  "31": "ChangePlan",
  "32": "ReportAutomobileAccident",
  "41": "ResetPassword",
  "42": "CancelPlan",
  "43": "FileClaim",
  "45": "CancelAutomaticBilling",
  "49": "GetQuote",
  "7": "ChangeSecurityQuestion"
 },
 "ACC": 50.602409638554214,
 "ARI": 36.21348885388686,
 "Classification 1:1": {
  "AddDependent F1": 0.7741935483870968,
  "AddDependent P": 0.8275862068965517,
  "AddDependent R": 0.7272727272727273,
  "AddDependent Support": 33,
  "CancelAutomaticBilling F1": 0.8888888888888888,
  "CancelAutomaticBilling P": 0.875,
  "CancelAutomaticBilling R": 0.9032258064516129,
  "CancelAutomaticBilling Support": 31,
  "CancelPlan F1": 0.4390243902439025,
  "CancelPlan P": 0.75,
  "CancelPlan R": 0.3103448275862069,
  "CancelPlan Support": 29,
  "ChangeAddress F1": 0.9836065573770492,
  "ChangeAddress P": 1.0,
  "ChangeAddress R": 0.967741935483871,
  "ChangeAddress Support": 31,
  "ChangePlan F1": 0.6000000000000001,
  "ChangePlan P": 0.7142857142857143,
  "ChangePlan R": 0.5172413793103449,
  "ChangePlan Support": 29,
  "ChangeSecurityQuestion F1": 0.6216216216216216,
  "ChangeSecurityQuestion P": 0.5111111111111111,
  "ChangeSecurityQuestion R": 0.7931034482758621,
  "ChangeSecurityQuestion Support": 29,
  "CheckAccountBalance F1": 0.611764705882353,
  "CheckAccountBalance P": 0.4642857142857143,
  "CheckAccountBalance R": 0.896551724137931,
  "CheckAccountBalance Support": 29,
  "CheckPaymentStatus F1": 0.5166666666666667,
  "CheckPaymentStatus P": 0.34831460674157305,
  "CheckPaymentStatus R": 1.0,
  "CheckPaymentStatus Support": 31,
  "CreateAccount F1": 0.06451612903225806,
  "CreateAccount P": 1.0,
  "CreateAccount R": 0.03333333333333333,
  "CreateAccount Support": 30,
  "EnrollInPlan F1": 0.41904761904761906,
  "EnrollInPlan P": 0.3013698630136986,
  "EnrollInPlan R": 0.6875,
  "EnrollInPlan Support": 32,
  "FileClaim F1": 0.6086956521739131,
  "FileClaim P": 0.660377358490566,
  "FileClaim R": 0.5645161290322581,
  "FileClaim Support": 124,
  "FindAgent F1": 0.9508196721311475,
  "FindAgent P": 0.90625,
  "FindAgent R": 1.0,
  "FindAgent Support": 29,
  "GetPolicyNumber F1": 0.40944881889763785,
  "GetPolicyNumber P": 0.26804123711340205,
  "GetPolicyNumber R": 0.8666666666666667,
  "GetPolicyNumber Support": 30,
  "GetQuote F1": 0.5121951219512195,
  "GetQuote P": 0.9692307692307692,
  "GetQuote R": 0.34806629834254144,
  "GetQuote Support": 181,
  "Micro Averaged F1": 0.5060240963855421,
  "Micro Averaged P": 0.5060240963855421,
  "Micro Averaged R": 0.5060240963855421,
  "Micro Averaged Support": 913,
  "N/A F1": 0.0,
  "N/A P": 0.0,
  "N/A R": 0.0,
  "N/A Support": 0,
  "PayBill F1": 0.1111111111111111,
  "PayBill P": 1.0,
  "PayBill R": 0.058823529411764705,
  "PayBill Support": 34,
  "RemoveDependent F1": 0.6666666666666667,
  "RemoveDependent P": 0.5681818181818182,
  "RemoveDependent R": 0.8064516129032258,
  "RemoveDependent Support": 31,
  "ReportAutomobileAccident F1": 0.0689655172413793,
  "ReportAutomobileAccident P": 1.0,
  "ReportAutomobileAccident R": 0.03571428571428571,
  "ReportAutomobileAccident Support": 28,
  "ReportBillingIssue F1": 0.15789473684210525,
  "ReportBillingIssue P": 0.5,
  "ReportBillingIssue R": 0.09375,
  "ReportBillingIssue Support": 32,
  "RequestProofOfInsurance F1": 0.05714285714285715,
  "RequestProofOfInsurance P": 0.25,
  "RequestProofOfInsurance R": 0.03225806451612903,
  "RequestProofOfInsurance Support": 31,
  "ResetPassword F1": 0.28571428571428575,
  "ResetPassword P": 0.8333333333333334,
  "ResetPassword R": 0.1724137931034483,
  "ResetPassword Support": 29,
  "UpdateBillingFrequency F1": 0.06666666666666667,
  "UpdateBillingFrequency P": 1.0,
  "UpdateBillingFrequency R": 0.034482758620689655,
  "UpdateBillingFrequency Support": 29,
  "UpdatePaymentPreference F1": 0.6666666666666666,
  "UpdatePaymentPreference P": 0.54,
  "UpdatePaymentPreference R": 0.8709677419354839,
  "UpdatePaymentPreference Support": 31
 },
 "Classification Many:1": {
  "AddDependent F1": 0.7741935483870968,
  "AddDependent P": 0.8275862068965517,
  "AddDependent R": 0.7272727272727273,
  "AddDependent Support": 33,
  "CancelAutomaticBilling F1": 0.8888888888888888,
  "CancelAutomaticBilling P": 0.875,
  "CancelAutomaticBilling R": 0.9032258064516129,
  "CancelAutomaticBilling Support": 31,
  "CancelPlan F1": 0.4390243902439025,
  "CancelPlan P": 0.75,
  "CancelPlan R": 0.3103448275862069,
  "CancelPlan Support": 29,
  "ChangeAddress F1": 0.9836065573770492,
  "ChangeAddress P": 1.0,
  "ChangeAddress R": 0.967741935483871,
  "ChangeAddress Support": 31,
  "ChangePlan F1": 0.6000000000000001,
  "ChangePlan P": 0.7142857142857143,
  "ChangePlan R": 0.5172413793103449,
  "ChangePlan Support": 29,
  "ChangeSecurityQuestion F1": 0.7000000000000002,
  "ChangeSecurityQuestion P": 0.5490196078431373,
  "ChangeSecurityQuestion R": 0.9655172413793104,
  "ChangeSecurityQuestion Support": 29,
  "CheckAccountBalance F1": 0.0,
  "CheckAccountBalance P": 0.0,
  "CheckAccountBalance R": 0.0,
  "CheckAccountBalance Support": 29,
  "CheckPaymentStatus F1": 0.0,
  "CheckPaymentStatus P": 0.0,
  "CheckPaymentStatus R": 0.0,
  "CheckPaymentStatus Support": 31,
  "CreateAccount F1": 0.6363636363636364,
  "CreateAccount P": 0.4827586206896552,
  "CreateAccount R": 0.9333333333333333,
  "CreateAccount Support": 30,
  "EnrollInPlan F1": 0.41904761904761906,
  "EnrollInPlan P": 0.3013698630136986,
  "EnrollInPlan R": 0.6875,
  "EnrollInPlan Support": 32,
  "FileClaim F1": 0.6147186147186147,
  "FileClaim P": 0.6635514018691588,
  "FileClaim R": 0.5725806451612904,
  "FileClaim Support": 124,
  "FindAgent F1": 0.9508196721311475,
  "FindAgent P": 0.90625,
  "FindAgent R": 1.0,
  "FindAgent Support": 29,
  "GetPolicyNumber F1": 0.421875,
  "GetPolicyNumber P": 0.2755102040816326,
  "GetPolicyNumber R": 0.9,
  "GetPolicyNumber Support": 30,
  "GetQuote F1": 0.8439306358381503,
  "GetQuote P": 0.8848484848484849,
  "GetQuote R": 0.8066298342541437,
  "GetQuote Support": 181,
  "Micro Averaged F1": 0.6078860898138007,
  "Micro Averaged P": 0.6078860898138007,
  "Micro Averaged R": 0.6078860898138007,
  "Micro Averaged Support": 913,
  "PayBill F1": 0.528,
  "PayBill P": 0.3626373626373626,
  "PayBill R": 0.9705882352941176,
  "PayBill Support": 34,
  "RemoveDependent F1": 0.6666666666666667,
  "RemoveDependent P": 0.5681818181818182,
  "RemoveDependent R": 0.8064516129032258,
  "RemoveDependent Support": 31,
  "ReportAutomobileAccident F1": 0.0689655172413793,
  "ReportAutomobileAccident P": 1.0,
  "ReportAutomobileAccident R": 0.03571428571428571,
  "ReportAutomobileAccident Support": 28,
  "ReportBillingIssue F1": 0.15789473684210525,
  "ReportBillingIssue P": 0.5,
  "ReportBillingIssue R": 0.09375,
  "ReportBillingIssue Support": 32,
  "RequestProofOfInsurance F1": 0.05714285714285715,
  "RequestProofOfInsurance P": 0.25,
  "RequestProofOfInsurance R": 0.03225806451612903,
  "RequestProofOfInsurance Support": 31,
  "ResetPassword F1": 0.33333333333333326,
  "ResetPassword P": 0.8571428571428571,
  "ResetPassword R": 0.20689655172413793,
  "ResetPassword Support": 29,
  "UpdateBillingFrequency F1": 0.12903225806451613,
  "UpdateBillingFrequency P": 1.0,
  "UpdateBillingFrequency R": 0.06896551724137931,
  "UpdateBillingFrequency Support": 29,
  "UpdatePaymentPreference F1": 0.6666666666666666,
  "UpdatePaymentPreference P": 0.54,
  "UpdatePaymentPreference R": 0.8709677419354839,
  "UpdatePaymentPreference Support": 31
 },
 "Cluster:Ref Many:1 Alignment": {
  "1": "UpdatePaymentPreference",
  "10": "UpdateBillingFrequency",